<application>
  <component name="libraryTable">
    <library name="react-dom.production" type="javaScript">
      <properties>
        <sourceFilesUrls>
          <item url="file://$APPLICATION_CONFIG_DIR$/javascript/extLibs/http_unpkg.com_react-dom@16_umd_react-dom.production.min.js" />
        </sourceFilesUrls>
      </properties>
      <CLASSES>
        <root url="file://$APPLICATION_CONFIG_DIR$/javascript/extLibs/http_unpkg.com_react-dom@16_umd_react-dom.production.min.js" />
      </CLASSES>
      <JAVADOC />
      <SOURCES />
    </library>
    <library name="react.production" type="javaScript">
      <properties>
        <sourceFilesUrls>
          <item url="file://$APPLICATION_CONFIG_DIR$/javascript/extLibs/http_unpkg.com_react@16_umd_react.production.min.js" />
        </sourceFilesUrls>
      </properties>
      <CLASSES>
        <root url="file://$APPLICATION_CONFIG_DIR$/javascript/extLibs/http_unpkg.com_react@16_umd_react.production.min.js" />
      </CLASSES>
      <JAVADOC />
      <SOURCES />
    </library>
  </component>
</application>